{"cameraMode":{"drawMode":0,"name":"Shaded","section":"Shading Mode"},"sceneLighting":true,"audioPlay":false,"sceneViewState":{"showFog":true,"showMaterialUpdate":false,"showSkybox":true,"showFlares":true,"showImageEffects":true,"showParticleSystems":true},"in2DMode":false,"pivot":{"x":-0.20299354195594788,"y":1.5516537427902222,"z":0.2629891037940979},"rotation":{"x":-0.1562909036874771,"y":0.004071785602718592,"z":-0.0006691832677461207,"w":-0.9879303574562073},"size":0.3045971989631653,"orthographic":false}