{"cameraMode":{"drawMode":0,"name":"Shaded","section":"Shading Mode"},"sceneLighting":false,"audioPlay":false,"sceneViewState":{"showFog":true,"showMaterialUpdate":false,"showSkybox":false,"showFlares":true,"showImageEffects":true,"showParticleSystems":true},"in2DMode":false,"pivot":{"x":-0.09788811206817627,"y":1.4754266738891602,"z":0.39235222339630129},"rotation":{"x":0.07369451969861984,"y":0.5360383987426758,"z":-0.046634502708911899,"w":0.8399598598480225},"size":0.03622031956911087,"orthographic":false}